Workbook

Sheet Control
A1: AGI TR — Transport prep & document milestones (control)
A3: Trip / Cycle (e.g. TR5) | B3: TRn (user)
A4: D0 = Planned load-out date (anchor) | B4: 46138
A5: D_sail (optional; sail-away anchor)
A6: D_agi_loadin (optional)
A8: Notes | B8: Planned_Due in Master = D0 + Offset_days. Official HM/Maqta/ADNOC dates override any template. Cross-ref: AGI_TR_Submission_Documents_Milestone_Tracker (WhatsApp), AGI_TR_Submission_Milestones (PTW/V2), AGI_Email_Document_Submission_Milestone_FINAL (email).

Sheet TR_Prep_Master
A1: No | B1: Gate | C1: Phase | D1: Package | E1: Document_or_Submission | F1: When_to_submit_rule | G1: Offset_days_vs_D0 | H1: Planned_Due | I1: Owner_Prepare | J1: Owner_Submit_Track | K1: Approver_or_Verify | L1: Priority | M1: Hold_Y | N1: DOC_ID | O1: Evidence_IDs | P1: Risk_if_missing | Q1: Next_action_hint
A2: 1 | B2: G0 | C2: Prep / Engineering | D2: Engineering | E2: Ramp / Linkspan certificate (survey) | F2: D-7~D-2; each voyage if changed | G2: -5 | H2: =IF(OR(Control!$B$4="",G2=""),"",Control!$B$4+G2) | I2: Mammoet / Inspector / Aries | J2: OFCO | K2: HM / Port / MWS | L2: Critical | M2: Y | N2: DOC-001 | O2: E001;E017;E018 | P2: PTW/load-out hold | Q2: Chase inspector-signed pack; revision-control
A3: 2 | B3: G0 | C3: Prep / Engineering | D3: MWS | E3: MWS confirmation / suitability (bow strength) | F3: Before loading / D0 hold | G3: -1 | H3: =IF(OR(Control!$B$4="",G3=""),"",Control!$B$4+G3) | I3: MWS / Aries / Samsung | J3: OFCO / Samsung | K3: HM / MWS | L3: Critical | M3: Y | N3: DOC-011 | O3: E004;E038 | P3: Load-out No-Go | Q3: Separate from COA; file formal confirmation
A4: 3 | B4: G1 | C4: Permit / Meeting | D4: Permit | E4: PTW — Hot Work | F4: D-5~D-1; voyage/trip-wise | G4: -3 | H4: =IF(OR(Control!$B$4="",G4=""),"",Control!$B$4+G4) | I4: OFCO / Samsung / Mammoet | J4: OFCO submit | K4: Maqta / AD Ports HSE / HM | L4: Critical | M4: Y | N4: DOC-002 | O4: E018;E069 | P4: Hot work stop | Q4: Validity cover slip + shift extension
A5: 4 | B5: G1 | C5: Permit / Meeting | D5: Permit | E5: PTW — Working Over Water | F5: D-5~D-1; voyage/trip-wise | G5: -3 | H5: =IF(OR(Control!$B$4="",G5=""),"",Control!$B$4+G5) | I5: OFCO / Samsung / Mammoet | J5: OFCO submit | K5: Maqta / AD Ports HSE / HM | L5: Critical | M5: Y | N5: DOC-003 | O5: E018;E066 | P5: Ramp/jetty interface stop | Q5: Bundle with marine PTW set
A6: 5 | B6: G1 | C6: Permit / Meeting | D6: Permit | E6: Land PTW / SPMT heavy transport | F6: D-5~D0; trip-wise | G6: -2 | H6: =IF(OR(Control!$B$4="",G6=""),"",Control!$B$4+G6) | I6: OFCO / Samsung | J6: OFCO submit | K6: Maqta / AD Ports | L6: Critical | M6: Y | N6: DOC-004 | O6: E007;E067;E074 | P6: No SPMT move | Q6: Do not assume prior trip reuse
A7: 6 | B7: G1 | C7: Permit / Meeting | D7: HSE / Ops | E7: MOS / MS (load in&out) | F7: D-10~D-5; HM comments | G7: -7 | H7: =IF(OR(Control!$B$4="",G7=""),"",Control!$B$4+G7) | I7: Mammoet | J7: Samsung / OFCO | K7: ADNOC / HM | L7: High | M7: N | N7: DOC-005 | O7: E008;E085 | P7: Approval delay | Q7: Single revision set with RA
A8: 7 | B8: G1 | C8: Permit / Meeting | D8: HSE / Ops | E8: Risk Assessment / JSA | F8: D-5 before pre-op | G8: -4 | H8: =IF(OR(Control!$B$4="",G8=""),"",Control!$B$4+G8) | I8: Mammoet / Samsung | J8: OFCO | K8: HSE / HM | L8: High | M8: N | N8: DOC-006 | O8: E022;E045 | P8: PTW reject | Q8: Match MOS revision
A9: 8 | B9: G1 | C9: Permit / Meeting | D9: Cargo | E9: Stowage Plan | F9: D-5 before load-out mtg | G9: -4 | H9: =IF(OR(Control!$B$4="",G9=""),"",Control!$B$4+G9) | I9: Mammoet / Eng | J9: OFCO | K9: HM / MWS | L9: High | M9: N | N9: DOC-007 | O9: E045 | P9: Deck review delay | Q9: With drawings one pack
A10: 9 | B10: G1 | C10: Permit / Meeting | D10: Meeting | E10: Pre-ops / FRA minutes | F10: D-4~D-1 | G10: -3 | H10: =IF(OR(Control!$B$4="",G10=""),"",Control!$B$4+G10) | I10: OFCO / Samsung / Mammoet | J10: OFCO circulate | K10: AD Ports / HM / HSE | L10: High | M10: N | N10: DOC-020 | O10: E021;E052 | P10: Approval drift | Q10: Store minutes + action IDs
A11: 10 | B11: G2 | C11: Load-out readiness | D11: Access | E11: Gate pass / CICPA / operator access | F11: D-2~D0 | G11: -1 | H11: =IF(OR(Control!$B$4="",G11=""),"",Control!$B$4+G11) | I11: OFCO / Samsung / Mammoet | J11: OFCO apply | K11: Port security | L11: Critical | M11: Y | N11: DOC-018 | O11: E032;E073 | P11: Crew lockout | Q11: Per-person + operator list
A12: 11 | B12: G2 | C12: Load-out readiness | D12: Port | E12: Berth request / allocation / Maqta update | F12: D-2~D0 | G12: -1 | H12: =IF(OR(Control!$B$4="",G12=""),"",Control!$B$4+G12) | I12: OFCO / LCT / Port Ops | J12: OFCO | K12: MZP / VTS / Maqta | L12: Critical | M12: N | N12: DOC-019 | O12: E023;E053 | P12: Schedule slip | Q12: Lay-by risk note
A13: 12 | B13: G2 | C13: Load-out readiness | D13: Tide / Wx | E13: Tide window + weather forecast | F13: Daily + D0 AM | G13: -1 | H13: =IF(OR(Control!$B$4="",G13=""),"",Control!$B$4+G13) | I13: Mammoet / LCT / Port | J13: OFCO share | K13: MWS / HM / Samsung | L13: Critical | M13: Y | N13: DOC-021 | O13: E034;E077 | P13: No-Go | Q13: Observed vs forecast log
... A27: 26 | B27: G6 | C27: Return / next TR | D27: Demob | E27: MOS/PTW updates for next cycle | F27: D+3~D+7 | G27: 5 | H27: =IF(OR(Control!$B$4="",G27=""),"",Control!$B$4+G27) | I27: Mammoet / Samsung | J27: OFCO | K27: HM / HSE | L27: High | M27: N | N27: DOC-005;DOC-022 | O27: E085 | P27: Next TR delay | Q27: Lessons: FW/ballast in MOS
A28: 27 | B28: G1 | C28: Commercial / NOC | D28: NOC | E28: NOC support pack (license, award letter, RA+ERP) | F28: As per AD Maritime gate | G28: -5 | H28: =IF(OR(Control!$B$4="",G28=""),"",Control!$B$4+G28) | I28: Samsung | J28: OFCO | K28: AD Maritime | L28: High | M28: N | N28: (MS-027~041 pattern) | P28: NOC block | Q28: From email milestone pack
A29: 28 | B29: G0 | C29: Vessel / PAN | D29: PAN / ATLP | E29: PAN set (crew list, registry, nav license, MDOH…) | F29: Before MZP berthing declare | G29: -10 | H29: =IF(OR(Control!$B$4="",G29=""),"",Control!$B$4+G29) | I29: LCT / Master | J29: OFCO | K29: Port | L29: High | M29: Y | N29: (MS-007) | O29: msg-65 | P29: Berth stall | Q29: ATLP reference store
A30: 29 | B30: Idea | C30: Governance | D30: SSOT | E30: Document revision matrix (supersedes) | F30: Continuous | H30: =IF(OR(Control!$B$4="",G30=""),"",Control!$B$4+G30) | I30: Doc controller (Samsung/OFCO) | J30: Shared drive | K30: All | L30: Medium | M30: N | P30: Wrong revision on jetty | Q30: One PDF name rule + watermark
A31: 30 | B31: Idea | C31: Governance | D31: Evidence | E31: Email + portal receipt IDs in one column | F31: Each submit | H31: =IF(OR(Control!$B$4="",G31=""),"",Control!$B$4+G31) | I31: Submitter | J31: OFCO archive | K31: Internal | L31: Medium | M31: N | P31: Dispute | Q31: Pastes Maqta ref #
A32: 31 | B32: Idea | C32: Ops | D32: 24h rule | E32: Port equipment requests | F32: D-1 18:00 style deadline | G32: -1 | H32: =IF(OR(Control!$B$4="",G32=""),"",Control!$B$4+G32) | I32: Mammoet | J32: OFCO | K32: GC Ops | L32: High | M32: N | O32: E062 | P32: Standby | Q32: Countdown plan ties PTW shifts
A33: 32 | B33: Idea | C33: Permit | D33: Validity overlap | E33: PTW pack covers weather slip (+7d buffer) | F33: When scheduling | G33: -7 | H33: =IF(OR(Control!$B$4="",G33=""),"",Control!$B$4+G33) | I33: OFCO / Mammoet | J33: OFCO | K33: HSE | L33: High | M33: N | O33: E019 | P33: Expiry mid-ops | Q33: Mammoet 1-week permit lesson

Sheet Gate_Checklist
A1: Gate | B1: Phase | C1: Typical_timing | D1: Milestone_check | E1: Linked_DOC_ids | F1: Owner_of_integrated_pack
A2: G0 | B2: Prep / Engineering | C2: D-14~D-7 | D2: Linkspan cert path; MWS suitability; engineering basis | E2: DOC-001;DOC-011 | F2: Samsung / Mammoet lead; OFCO interface
A3: G1 | B3: Permit / Meeting | C3: D-5~D-1 | D3: PTW x3; MOS/RA; pre-op/FRA; berth plan | E3: DOC-002~007;020 | F3: OFCO submit; Mammoet/Samsung draft
A4: G2 | B4: Load-out readiness | C4: D0 AM | D4: Gate pass; equipment; tide/weather; MWS attendance; LCT alongside | E4: DOC-018;019;021;023 | F4: OFCO + Port Ops
A5: G3 | B5: Load-out / securing | C5: D0 | D5: Ramp crossing; lashing; sea fastening; inspections | E5: DOC-012;024;025 | F5: Mammoet + LCT
A6: G4 | B6: Sail-away | C6: D0/D+1 | D6: Manifest; customs exit; voyage #; sailing consent; COA | E6: DOC-008;010;013~015 | F6: OFCO + MWS + Customs
A7: G5 | B7: AGI load-in | C7: D+1~D+3 | D7: LOP/TPC; AGI berth; offload method | E7: DOC-016;017;026 | F7: Samsung AGI team + ALS
A8: G6 | B8: Return / next TR | C8: D+3~D+7 | D8: Demob/remob; next TR MOS/PTW refresh | E8: DOC-005;022;027 | F8: Mammoet / OFCO

Sheet RACI_by_party
A1: Party | B1: Primary_roles | C1: Typical_submit_track | D1: Typical_prepare_review
A2: OFCO | B2: Port/HM interface; PTW submission; gate pass; berth; evidence archive | C2: Submit/track to Maqta/HM/Port | D2: Receipts, portal refs
A3: Samsung / SCT | B3: Owner docs; NOC support; coordination; AGI site | C3: Sign indemnities; align manifest | D3: Approve drafts internally
A4: Mammoet (MMT) | B4: Method/stowage; simulations; deck ops; seafastening execution | C4: Draft pack to OFCO | D4: RA/MOS/PTW attachments
A5: MWS | B5: COA; suitability; attendance | C5: Issue COA to OFCO/LCT | D5: Confirm calculations vs Aries
A6: LCT Bushra / KFS | B6: Marine docs; voyage; mooring; ramp evidence | C6: Master certs/PAN | D6: Stability/voyage plan inputs
A7: HM / AD Ports / Customs | B7: Approvals | C7: N/A | D7: Review

Sheet Ideas_extras
A1: Topic | B1: Recommendation
A2: Single trip folder | B2: Per TR: 00_Index + 01_PTWHM + 02_Marine + 03_Customs + 04_AGI + 99_Receipts
A3: Revision SSOT | B3: Filename: DOCID_rev_date_author; obsolete folder, not delete
A4: Two-clock deadlines | B4: Store UAE local + UTC columns for sail-away / COA cutoffs
A5: Permit buffer | B5: Request PTW validity to cover +7d weather/berth slip (project lesson)
A6: Operator matrix | B6: SPMT operator names ↔ gate pass IDs ↔ shift (avoid last-minute ID block)
A7: Weather gate | B7: Attach METAR/NCM snapshot ID to DOC-021 row when Go/No-Go
A8: AGI exception path | B8: Emergency voyages: separate tracker row; do not reuse normal TR checklist
A9: Weekly governance | B9: Friday 09:00: red rows in Master + berth + PTW expiry review
